review_id,product_name,review_text,date
R001,AeroBrew Coffee Grinder,Grinds beans super even and the motor is way quieter than my old one. Been using it daily for 2 weeks and no burnt smell yet. lid feels a tiny bit flimsy tho.,2024-01-05
R002,CloudRest Memory Foam Pillow,Honestly slept better the first night. Soft but still supports my neck. Packaging was weirdly huge lol but pillow itself is great.,2024-01-07
R003,VoltGo USB-C Charger,Stopped fast charging after like 9 days. cable gets warm and my phone kept reconnecting. not impressed.,2024-01-09
R004,TrailSip Insulated Bottle,"Bottle keeps water cold all day on hikes. color is nice in person. Only downside, the cap squeaks when opening.",2024-01-12
R005,LumaDesk LED Lamp,Light is bright enough for late-night work and the touch control is responsive. Wish the base was a lil heavier because it wobbles if I bump the desk.,2024-01-14
R006,QuickSlice Mandoline,"Arrived with the safety guard missing. Customer support replied fast, but I still can't use it until the replacement comes.",2024-01-17
R007,EchoMini Bluetooth Speaker,"Bass is decent for the size and pairing took maybe 10 sec. battery life is just okay, not amazing not terrible.",2024-01-20
R008,PureBlend Water Filter Pitcher,"Tastes cleaner for sure, but the top reservoir drains sooo slowly. I keep forgetting about it and standing there waiting.",2024-01-22
R009,SnugPaws Pet Bed,My dog jumped in immediately and now ignores the couch. Cover zipped off easily for washing. 10/10 according to the doggo.,2024-01-25
R010,SnapPrep Meal Containers,"Good size for lunches, lids snap tight, and no leaks yet. plastic is thinner than I expected but still usable.",2024-01-27
R011,AeroBrew Coffee Grinder,"Wanted to love this but the grind setting dial slips around. Espresso setting came out chunky one day, powdery the next. meh.",2024-02-01
R012,CloudRest Memory Foam Pillow,Way too firm for me. Woke up with a stiff shoulder three mornings in a row. returning if support doesn't soften up.,2024-02-03
R013,VoltGo USB-C Charger,Works exactly like it should. charged my tablet and laptop back to back without drama. Small enough to toss in my backpack.,2024-02-06
R014,TrailSip Insulated Bottle,"Came dented near the bottom. Doesn't leak, but for the price I expected better quality control.",2024-02-08
R015,LumaDesk LED Lamp,"Setup was easy, brightness modes are useful, and the USB charging port is clutch. My teen stole it for homework lol.",2024-02-10
R016,QuickSlice Mandoline,"Slices cucumbers crazy fast. Blade is SHARP sharp, so yeah use the guard. Makes meal prep way less annoying.",2024-02-12
R017,EchoMini Bluetooth Speaker,Speaker sounds muddy at high volume and the button labels rubbed off after a month. kinda cheap feeling tbh.,2024-02-15
R018,PureBlend Water Filter Pitcher,"Filter replacement packs are pricier than I realized. Unit works fine, just wish ongoing cost was clearer before I bought it.",2024-02-17
R019,SnugPaws Pet Bed,"Nice bed overall, but the stuffing got lumpy after one wash. cat still uses it, so not a total fail.",2024-02-19
R020,SnapPrep Meal Containers,"One lid cracked in the dishwasher on week one. The rest are fine, but that's not a great start.",2024-02-22
R021,AeroBrew Coffee Grinder,Actually impressed. Consistent coarse grind for french press and cleanup takes like 30 seconds. no complaints rn.,2024-02-24
R022,CloudRest Memory Foam Pillow,"The cover fabric is nice and cool, but there was a chemical smell out of the box. aired it out overnight and it mostly went away.",2024-02-27
R023,VoltGo USB-C Charger,Shipping was a mess. Box looked stomped and delivery was 4 days late. charger itself works tho.,2024-03-01
R024,TrailSip Insulated Bottle,"Love the slim shape, fits my car cup holder perfectly. Ice lasted till the next morning. solid buy.",2024-03-03
R025,LumaDesk LED Lamp,Touch panel stopped responding unless I press super hard. Maybe I got a dud? Was awesome for the first month.,2024-03-06
R026,QuickSlice Mandoline,"Support sent the missing part fast and were polite about it. Product works now, but that extra hassle matters.",2024-03-08
R027,EchoMini Bluetooth Speaker,For $25 this thing slaps. Took it to the park and everyone asked where I got it. battery lasted the whole afternoon.,2024-03-10
R028,PureBlend Water Filter Pitcher,Pitcher lid doesn't line up cleanly and I spilled water twice filling it. Filtered water tastes fine at least.,2024-03-12
R029,SnugPaws Pet Bed,"Bed is cute but smaller than the listing photos make it seem. My corgi fits, barely. check dimensions ppl.",2024-03-14
R030,SnapPrep Meal Containers,"These are perfect for meal prep Sundays. Stack neatly, microwave okay, and labels peel off without sticky residue.",2024-03-17
R031,AeroBrew Coffee Grinder,"Ground coffee kept catching under the chute so I had to tap the machine every time. not a dealbreaker, just annoying.",2024-03-20
R032,CloudRest Memory Foam Pillow,Customer support helped me figure out how long it takes to fully expand and that solved my issue. pillow is comfy now.,2024-03-22
R033,VoltGo USB-C Charger,"I keep one at my desk and one in my travel bag. reliable, quick, no weird buzzing. that's all I wanted.",2024-03-25
R034,TrailSip Insulated Bottle,Paint started chipping near the handle after a week. Doesn't affect function but looks rough already.,2024-03-27
R035,LumaDesk LED Lamp,"Good lamp, fair price, nothing mind-blowing. I use the warm setting most nights and it does the job.",2024-03-30
R036,QuickSlice Mandoline,Blade insert was hard to click into place and the instructions are tinyyy. Once setup was done it worked okay.,2024-04-02
R037,EchoMini Bluetooth Speaker,Bought two for a party and stereo pairing kept dropping. super frustrating when guests are standing there waiting for music.,2024-04-04
R038,PureBlend Water Filter Pitcher,"Pretty neutral on this. It filters water, fits in the fridge, and hasn't leaked. Just not sure it's worth the premium price.",2024-04-06
R039,SnugPaws Pet Bed,Super soft fabric and the non-slip bottom actually works on hardwood. My older dog can step in without sliding.,2024-04-09
R040,SnapPrep Meal Containers,"Order arrived missing 2 containers from the advertised set. Seller refunded quickly, but inventory issue shouldn't happen.",2024-04-11
R041,AeroBrew Coffee Grinder,The timer feature is legit useful. Dial in your dose once and mornings get easier. little loud but manageable.,2024-04-13
R042,CloudRest Memory Foam Pillow,"Pillow flattened more than expected after 6 weeks. not pancake-flat, just enough that I noticed. kinda disappointing.",2024-04-16
R043,VoltGo USB-C Charger,Great value. Cheaper than the brand-name brick and honestly feels just as sturdy. fast charging works on Pixel + iPad.,2024-04-18
R044,TrailSip Insulated Bottle,"Cap seal fell out while washing and I had to dig through the sink for it. Bottle is otherwise fine, but small details matter.",2024-04-20
R045,LumaDesk LED Lamp,"Shipping was quick, lamp looks sleek, and brightness range is solid. Wish the touch beep could be muted though.",2024-04-23
R046,QuickSlice Mandoline,"Used it for potatoes, onions, zucchini, all good. cleaning takes longer than slicing, but that's kinda expected.",2024-04-25
R047,EchoMini Bluetooth Speaker,Mic for calls is rough. Friends said I sounded far away and underwater lol. Music playback is still decent.,2024-04-27
R048,PureBlend Water Filter Pitcher,Wasn't sure at first but now I like it. Tea tastes cleaner and I drink more water. replacement filter install was easy.,2024-04-29
R049,SnugPaws Pet Bed,"Color matched the photos, shipping was on time, and stitching seems durable. No complaints from me or the pup.",2024-05-02
R050,SnapPrep Meal Containers,"Not bad, not amazing. They seal well but stain a bit from curry. If price drops I'd buy another set.",2024-05-04
